{
	"playersPassed": 0,
	"layout": {
		"l": [
			[9, 9],
			[8, 9]
		],
		"r": [
			[9, 7]
		],
		"t": [
			[5, 9]
		]
	},
	"players": [{
		"name": "c1",
		"score": 0,
		"hand": [
			[2, 8],
			[4, 4],
			[0, 3],
			[0, 0],
			[0, 6],
			[3, 6]
		],
		"side": "l",
		"type": "Computer"
	}, {
		"name": "c2",
		"score": 0,
		"hand": [
			[1, 1],
			[4, 9],
			[0, 7],
			[4, 6],
			[4, 5],
			[3, 9],
			[2, 9]
		],
		"side": "r",
		"type": "Computer"
	}, {
		"name": "c3",
		"score": 0,
		"hand": [
			[4, 7],
			[6, 7],
			[1, 5],
			[0, 5],
			[1, 9],
			[2, 3],
			[2, 4]
		],
		"side": "t",
		"type": "Computer"
	}],
	"roundNo": 1,
	"nextPlayer": "c2",
	"tournamentScore": 230,
	"boneyard": [
		[0, 9],
		[3, 5],
		[1, 3],
		[2, 6],
		[6, 8],
		[0, 4],
		[0, 8],
		[2, 2],
		[1, 6],
		[1, 7],
		[8, 8],
		[5, 7],
		[7, 8],
		[2, 5],
		[3, 7],
		[3, 4],
		[1, 8],
		[1, 2],
		[1, 4],
		[7, 7],
		[5, 8],
		[3, 3],
		[0, 1],
		[5, 5],
		[6, 6],
		[2, 7],
		[3, 8],
		[4, 8],
		[5, 6],
		[0, 2],
		[6, 9]
	]
}