{
	"tournamentScore": 200,
	"roundNo": 1,
	"players": [{
			"name": "player1",
			"type": "Computer",
			"hand": [[3,4], [2,6], [1,4], [1,6], [0,0], [0,1], [2,3]],
			"side": "l",
			"score": 0
		},
		{
			"name": "player2",
			"type": "Human",
			"hand": [[5,5], [2,4], [1,1], [0,4], [0,5], [1,5], [6,5]],
			"side": "r",
			"score": 0
		},
		{
			"name": "player3",
			"type": "Human",
			"hand": [[7,9], [3,8], [2,7], [3,9], [6,7], [4,4], [8,8]],
			"side": "t",
			"score": 0
		}
	],
	"layout" : {
		"l": [[9,9]],
		"r": [[9,8]],
		"t": [[5,9]]
	},
	"boneyard": [[3,6], [0,2], [4,5], [0,3], [2,5], [0,6], [3,5], [3,3], [1,3], [2,2], [1,2], [4,6], [6,6], [0,7], [0,8], [0,9], [1,7], [1,8], [1,9], [2,8], [2,9], [3,7], [4,7], [4,8], [4,9], [5,7], [5,8], [6,8], [6,9], [7,7], [7,8]],
	"playersPassed": 0,
	"nextPlayer": "player1"
}