{
	"tournamentScore": 100,
	"roundNo": 3,
	"players": [{
			"name": "player1",
			"type": "Computer",
			"hand": [[3,4], [2,6], [1,4], [1,6], [0,0], [0,1], [2,3], [9,9]],
			"side": "l",
			"score": 20
		},
		{
			"name": "player2",
			"type": "Human",
			"hand": [[5,5], [2,4], [1,1], [0,4], [0,5], [1,5], [6,5], [9,5]],
			"side": "r",
			"score": 15
		},
		{
			"name": "player3",
			"type": "Computer",
			"hand": [[3,8], [3,9], [4,4], [8,8], [9,8], [1,8], [1,9], [2,9]],
			"side": "t",
			"score": 0
		},
		{
			"name": "player4",
			"type": "Human",
			"hand": [[3,6], [0,2], [4,5], [0,3], [2,5], [0,6], [3,5], [3,3]],
			"side": "b",
			"score": 0
		}
	],
	"layout" : {
		"l": [],
		"r": [],
		"t": [],
		"b": []
	},
	"boneyard": [[1,3], [2,2], [1,2], [4,6], [6,6], [0,8], [5,8], [0,9], [6,8], [6,9], [7,7], [2,8], [4,8], [4,9], [7,8], [1,7], [3,7], [4,7], [5,7], [0,7], [7,9], [6,7], [2,7]],
	"playersPassed": null,
	"nextPlayer": null
}