{
	"tournamentScore": 100,
	"roundNo": 5,
	"players": [{
			"name": "player1",
			"type": "Computer",
			"hand": [[2,5], [3,7], [4,4]],
			"side": "l",
			"score": 47
		},
		{
			"name": "player2",
			"type": "Human",
			"hand": [[3,8], [3,9], [8,8],[9,9]],
			"side": "r",
			"score": 62
		},
		{
			"name": "player3",
			"type": "Human",
			"hand": [[2,7], [2,8], [6,8], [6,9]],
			"side": "t",
			"score": 83
		},
		{
			"name": "player4",
			"type": "Computer",
			"hand": [[0,9]],
			"side": "b",
			"score": 39
		}
	],
	"layout" : {
		"l": [[5,5],[8,5],[4,8],[3,4],[6,3],[7,6],[1,7]],
		"r": [[5,6], [6,4], [4,1], [1,9], [9,8], [8,0]],
		"t": [[7,5],[4,7],[5,4],[3,5],[1,3]],
		"b": [[5,9],[9,4],[4,2],[2,1]]
	},
	"boneyard": [[3,3], [7,8], [2,9], [6,6], [0,6], [0,7], [0,1], [0,0], [2,2], [1,6], [1,8], [0,2], [0,3], [7,9], [1,1], [1,5], [2,3], [0,4], [0,5], [7,7]],
	"playersPassed": 0,
	"nextPlayer": "player1"
}