{
	"tournamentScore": 150,
	"roundNo": 5,
	"players": [{
			"name": "player1",
			"type": "Human",
			"hand": [[2,8], [0,1], [0,4], [0,5], [3,9], [7,7], [9,9]],
			"side": "l",
			"score": 47
		},
		{
			"name": "player2",
			"type": "Computer",
			"hand": [[2,2], [2,3], [7,9], [3,3]],
			"side": "r",
			"score": 62
		},
		{
			"name": "player3",
			"type": "Computer",
			"hand": [[8,8], [2,7], [2,9], [2,6], [0,2], [0,3]],
			"side": "t",
			"score": 83
		},
		{
			"name": "player4",
			"type": "Human",
			"hand": [[0,6], [0,9], [4,4], [6,9]],
			"side": "b",
			"score": 39
		}
	],
	"layout" : {
		"l": [[5,5],[8,5],[4,8],[3,4],[6,3],[7,6],[1,7],[8,1]],
		"r": [[5,6], [6,4], [4,1], [1,9], [9,8],[8,0],[0,0],[0,7],[7,8]],
		"t": [[7,5],[4,7],[5,4],[3,5],[1,3],[6,1],[8,6]],
		"b": [[5,9],[9,4],[4,2],[2,1],[1,1],[1,5],[5,2]]
	},
	"boneyard": [[3,7], [6,6]],
	"playersPassed": 0,
	"nextPlayer": "player3"
}